,Knn,Naive Bayes,Decision tree
0,0.869565217391,0.927536231884,0.884057971014
1,0.971014492754,0.985507246377,0.927536231884
2,0.985507246377,0.95652173913,0.971014492754
3,0.941176470588,0.926470588235,0.926470588235
4,0.926470588235,0.941176470588,0.838235294118
5,0.985294117647,0.985294117647,0.970588235294
6,0.955882352941,0.970588235294,0.955882352941
7,1.0,0.970588235294,0.970588235294
8,0.985294117647,1.0,0.970588235294
9,0.970588235294,0.970588235294,0.955882352941
